file_name,north,south,west,east,file_direction
C-1974 F-240,3.934463435,3.878224629,-75.87010751,-75.81663325,https://igac-bucket.s3.us-east-1.amazonaws.com/AEROFOTOGRAFIAS+_CHAPARRAL/262IIID/C-1974+F-240.jpg
C-2070 F-250,3.998869867,3.92053801,-75.82318063,-75.75108296,https://igac-bucket.s3.us-east-1.amazonaws.com/AEROFOTOGRAFIAS+_CHAPARRAL/262IIID/C-2070+F-250.jpg
C-2070 F-252,3.948434274,3.87044284,-75.82364644,-75.74985939,https://igac-bucket.s3.us-east-1.amazonaws.com/AEROFOTOGRAFIAS+_CHAPARRAL/262IIID/C-2070+F-252.jpg
M-1390 F-42286,3.977656394,3.870878202,-75.81700887,-75.72486737,https://igac-bucket.s3.us-east-1.amazonaws.com/AEROFOTOGRAFIAS+_CHAPARRAL/262IIID/M-1390+F-42286.jpg
M-1390 F-42290,4.110389098,4.014544427,-75.77870489,-75.69495507,https://igac-bucket.s3.us-east-1.amazonaws.com/AEROFOTOGRAFIAS+_CHAPARRAL/262IIID/M-1390+F-42290.jpg
C-2071 F-006,3.995840737,3.925131653,-75.67286171,-75.60100908,https://igac-bucket.s3.us-east-1.amazonaws.com/AEROFOTOGRAFIAS+_CHAPARRAL/262IVC/C-2071+F-006.jpg
C-2071 F-008,3.945334248,3.867763904,-75.67848413,-75.59548196,https://igac-bucket.s3.us-east-1.amazonaws.com/AEROFOTOGRAFIAS+_CHAPARRAL/262IVC/C-2071+F-008.jpg
M-1379 F-39718,4.01261393,3.918416029,-75.74404803,-75.65378016,https://igac-bucket.s3.us-east-1.amazonaws.com/AEROFOTOGRAFIAS+_CHAPARRAL/262IVC/M-1379+F-39718.jpg
M-1379 F-39720,3.941717117,3.841376642,-75.75297998,-75.65184315,https://igac-bucket.s3.us-east-1.amazonaws.com/AEROFOTOGRAFIAS+_CHAPARRAL/262IVC/M-1379+F-39720.jpg
C-2568_F-012,3.803852,3.71446,-75.94684,-75.849358,https://igac-bucket.s3.us-east-1.amazonaws.com/AEROFOTOGRAFIAS+_CHAPARRAL/281IA/C-2568_F-012.tif
C-2568_F-014,3.848345,3.760053,-75.93884,-75.852675,https://igac-bucket.s3.us-east-1.amazonaws.com/AEROFOTOGRAFIAS+_CHAPARRAL/281IA/C-2568_F-014.tif
C-1974 F-238,3.893587704,3.833504061,-75.8680965,-75.81283886,https://igac-bucket.s3.us-east-1.amazonaws.com/AEROFOTOGRAFIAS+_CHAPARRAL/281IB/C-1974+F-238.jpg
C-2407_F-166,3.731755,3.636882,-75.827028,-75.73786,https://igac-bucket.s3.us-east-1.amazonaws.com/AEROFOTOGRAFIAS+_CHAPARRAL/281ID/C-2407_F-166.tif
C-2407_F-168,3.779715,3.692801,-75.821427,-75.741494,https://igac-bucket.s3.us-east-1.amazonaws.com/AEROFOTOGRAFIAS+_CHAPARRAL/281ID/C-2407_F-168.tif
C-2407_F-170,3.822701,3.743812,-75.822978,-75.736457,https://igac-bucket.s3.us-east-1.amazonaws.com/AEROFOTOGRAFIAS+_CHAPARRAL/281ID/C-2407_F-170.tif
C-2568_F-034,3.826168,3.734375,-75.872409,-75.785466,https://igac-bucket.s3.us-east-1.amazonaws.com/AEROFOTOGRAFIAS+_CHAPARRAL/281ID/C-2568_F-034.tif
C-2568_F-036,3.778362,3.696238,-75.876401,-75.783922,https://igac-bucket.s3.us-east-1.amazonaws.com/AEROFOTOGRAFIAS+_CHAPARRAL/281ID/C-2568_F-036.tif
C-1256_F-362,3.854646,3.764497,-75.681976,-75.594687,https://igac-bucket.s3.us-east-1.amazonaws.com/AEROFOTOGRAFIAS+_CHAPARRAL/281IIA/C-1256_F-362.tif
C-2071_F-010,3.899687,3.795608,-75.685298,-75.580541,https://igac-bucket.s3.us-east-1.amazonaws.com/AEROFOTOGRAFIAS+_CHAPARRAL/281IIA/C-2071_F-010.tif
M-1379_F-39722,3.868273,3.75743,-75.766777,-75.644502,https://igac-bucket.s3.us-east-1.amazonaws.com/AEROFOTOGRAFIAS+_CHAPARRAL/281IIA/M-1379_F-39722.tif
C-1256_F-360,3.794077,3.708361,-75.685136,-75.594476,https://igac-bucket.s3.us-east-1.amazonaws.com/AEROFOTOGRAFIAS+_CHAPARRAL/281IIC/C-1256_F-360.tif
C-2407_F-196,3.774366,3.689925,-75.779188,-75.693801,https://igac-bucket.s3.us-east-1.amazonaws.com/AEROFOTOGRAFIAS+_CHAPARRAL/281IIC/C-2407_F-196.tif
M-1379_F-39724,3.806239,3.681451,-75.766391,-75.654281,https://igac-bucket.s3.us-east-1.amazonaws.com/AEROFOTOGRAFIAS+_CHAPARRAL/281IIC/M-1379_F-39724.tif
C-2465_F-210,3.71359,3.60471,-75.696959,-75.577969,https://igac-bucket.s3.us-east-1.amazonaws.com/AEROFOTOGRAFIAS+_CHAPARRAL/281IVA/C-2465_F-210.tif
M-1379_F-39726,3.718847,3.612663,-75.764936,-75.658485,https://igac-bucket.s3.us-east-1.amazonaws.com/AEROFOTOGRAFIAS+_CHAPARRAL/281IVA/M-1379_F-39726.tif
c-1857 f-198,3.634567,3.55064,-75.458105,-75.372897,https://igac-bucket.s3.us-east-1.amazonaws.com/AEROFOTOGRAFIAS+_CHAPARRAL/281IVD/c-1857+f-198.tif
c-1857 f-200,3.674886,3.604606,-75.447995,-75.37859,https://igac-bucket.s3.us-east-1.amazonaws.com/AEROFOTOGRAFIAS+_CHAPARRAL/281IVD/c-1857+f-200.tif
c-2284 f-076,3.601549,3.504122,-75.59391,-75.497186,https://igac-bucket.s3.us-east-1.amazonaws.com/AEROFOTOGRAFIAS+_CHAPARRAL/281IVD/c-2284+f-076.tif
c-2284 f-78,3.658337,3.568893,-75.589904,-75.501031,https://igac-bucket.s3.us-east-1.amazonaws.com/AEROFOTOGRAFIAS+_CHAPARRAL/281IVD/c-2284+f-78.tif
C-1256_F-328,3.861228,3.761684,-75.624108,-75.539199,https://igac-bucket.s3.us-east-1.amazonaws.com/AEROFOTOGRAFIAS+_CHAPARRAL/282IB/C-1256_F-328.tif
c-1917 f-090,3.899855,3.815866,-75.54171,-75.456127,https://igac-bucket.s3.us-east-1.amazonaws.com/AEROFOTOGRAFIAS+_CHAPARRAL/282IB/c-1917+f-090.tif
c-1917 f-102,3.897866,3.82623,-75.485576,-75.414435,https://igac-bucket.s3.us-east-1.amazonaws.com/AEROFOTOGRAFIAS+_CHAPARRAL/282IB/c-1917+f-102.tif
m-1359 f-37742,3.895933,3.782592,-75.609847,-75.495726,https://igac-bucket.s3.us-east-1.amazonaws.com/AEROFOTOGRAFIAS+_CHAPARRAL/282IB/m-1359+f-37742.tif
c-1857 f-226,3.833393,3.757011,-75.493241,-75.41702,https://igac-bucket.s3.us-east-1.amazonaws.com/AEROFOTOGRAFIAS+_CHAPARRAL/282ID/c-1857+f-226.tif
c-1857 f-230,3.774048,3.700776,-75.493584,-75.419676,https://igac-bucket.s3.us-east-1.amazonaws.com/AEROFOTOGRAFIAS+_CHAPARRAL/282ID/c-1857+f-230.tif
c-1891 f-074,3.761251,3.682682,-75.572058,-75.494188,https://igac-bucket.s3.us-east-1.amazonaws.com/AEROFOTOGRAFIAS+_CHAPARRAL/282ID/c-1891+f-074.tif
c-1891 f-076,3.812599,3.733343,-75.573669,-75.49385,https://igac-bucket.s3.us-east-1.amazonaws.com/AEROFOTOGRAFIAS+_CHAPARRAL/282ID/c-1891+f-076.tif
c-1891 f-084,3.774357,3.699487,-75.525374,-75.45036,https://igac-bucket.s3.us-east-1.amazonaws.com/AEROFOTOGRAFIAS+_CHAPARRAL/282ID/c-1891+f-084.tif
c-1917 f-092,3.84201,3.74445,-75.550132,-75.452436,https://igac-bucket.s3.us-east-1.amazonaws.com/AEROFOTOGRAFIAS+_CHAPARRAL/282ID/c-1917+f-092.tif
c-1917 f-100,3.8499,3.771036,-75.489812,-75.410808,https://igac-bucket.s3.us-east-1.amazonaws.com/AEROFOTOGRAFIAS+_CHAPARRAL/282ID/c-1917+f-100.tif
c-2070 f-264,3.810371,3.692012,-75.638772,-75.52185,https://igac-bucket.s3.us-east-1.amazonaws.com/AEROFOTOGRAFIAS+_CHAPARRAL/282ID/c-2070+f-264.tif
c-1857 f-162,3.845893,3.763757,-75.362777,-75.281536,https://igac-bucket.s3.us-east-1.amazonaws.com/AEROFOTOGRAFIAS+_CHAPARRAL/282IIA/c-1857+f-162.tif
c-1857 f-188,3.865181,3.795893,-75.392986,-75.323319,https://igac-bucket.s3.us-east-1.amazonaws.com/AEROFOTOGRAFIAS+_CHAPARRAL/282IIA/c-1857+f-188.tif
c-1857 f-208,3.852078,3.78329,-75.44238,-75.374159,https://igac-bucket.s3.us-east-1.amazonaws.com/AEROFOTOGRAFIAS+_CHAPARRAL/282IIA/c-1857+f-208.tif
c-1974 f-142,3.88811,3.805724,-75.441342,-75.358844,https://igac-bucket.s3.us-east-1.amazonaws.com/AEROFOTOGRAFIAS+_CHAPARRAL/282IIA/c-1974+f-142.tif
c-1857 f-160,3.800497,3.717804,-75.362712,-75.280168,https://igac-bucket.s3.us-east-1.amazonaws.com/AEROFOTOGRAFIAS+_CHAPARRAL/282IIC/c-1857+f-160.tif
c-1857 f-190,3.825014,3.749752,-75.399912,-75.325588,https://igac-bucket.s3.us-east-1.amazonaws.com/AEROFOTOGRAFIAS+_CHAPARRAL/282IIC/c-1857+f-190.tif
c-1857 f-192,3.778334,3.704049,-75.401583,-75.328213,https://igac-bucket.s3.us-east-1.amazonaws.com/AEROFOTOGRAFIAS+_CHAPARRAL/282IIC/c-1857+f-192.tif
c-1857 f-204,3.766066,3.693066,-75.450607,-75.377843,https://igac-bucket.s3.us-east-1.amazonaws.com/AEROFOTOGRAFIAS+_CHAPARRAL/282IIC/c-1857+f-204.tif
c-1857 f-206,3.810146,3.738315,-75.448398,-75.376569,https://igac-bucket.s3.us-east-1.amazonaws.com/AEROFOTOGRAFIAS+_CHAPARRAL/282IIC/c-1857+f-206.tif
c-1841 f-016,3.800988,3.706525,-75.293077,-75.19911,https://igac-bucket.s3.us-east-1.amazonaws.com/AEROFOTOGRAFIAS+_CHAPARRAL/282IID/c-1841+f-016.tif
c-1891 f-072,3.708942,3.627293,-75.573989,-75.492046,https://igac-bucket.s3.us-east-1.amazonaws.com/AEROFOTOGRAFIAS+_CHAPARRAL/282IIIB/c-1891+f-072.tif
c-2070 f-262,3.726588,3.629198,-75.621103,-75.52451,https://igac-bucket.s3.us-east-1.amazonaws.com/AEROFOTOGRAFIAS+_CHAPARRAL/282IIIB/c-2070+f-262.tif
c-1589 f-076,3.714805,3.58079,-75.411496,-75.277243,https://igac-bucket.s3.us-east-1.amazonaws.com/AEROFOTOGRAFIAS+_CHAPARRAL/282IVA/c-1589+f-076.tif
c-1589 f-088,3.681152,3.55371,-75.327134,-75.200204,https://igac-bucket.s3.us-east-1.amazonaws.com/AEROFOTOGRAFIAS+_CHAPARRAL/282IVA/c-1589+f-088.tif
c-1857 f-156,3.698153,3.617354,-75.357781,-75.276554,https://igac-bucket.s3.us-east-1.amazonaws.com/AEROFOTOGRAFIAS+_CHAPARRAL/282IVA/c-1857+f-156.tif
c-1857 f-158,3.746196,3.667008,-75.359245,-75.280193,https://igac-bucket.s3.us-east-1.amazonaws.com/AEROFOTOGRAFIAS+_CHAPARRAL/282IVA/c-1857+f-158.tif
c-1857 f-194,3.725316,3.655972,-75.40022,-75.331367,https://igac-bucket.s3.us-east-1.amazonaws.com/AEROFOTOGRAFIAS+_CHAPARRAL/282IVA/c-1857+f-194.tif
c-1857 f-196,3.679404,3.602748,-75.403569,-75.325873,https://igac-bucket.s3.us-east-1.amazonaws.com/AEROFOTOGRAFIAS+_CHAPARRAL/282IVA/c-1857+f-196.tif
c-1857 f-202,3.718282,3.648588,-75.449582,-75.380533,https://igac-bucket.s3.us-east-1.amazonaws.com/AEROFOTOGRAFIAS+_CHAPARRAL/282IVA/c-1857+f-202.tif
c-1857 f-232,3.726108,3.654861,-75.493275,-75.421794,https://igac-bucket.s3.us-east-1.amazonaws.com/AEROFOTOGRAFIAS+_CHAPARRAL/282IVA/c-1857+f-232.tif
c-1857 f-234,3.678934,3.60378,-75.495006,-75.419704,https://igac-bucket.s3.us-east-1.amazonaws.com/AEROFOTOGRAFIAS+_CHAPARRAL/282IVA/c-1857+f-234.tif
c-1891 f-086,3.720313,3.644261,-75.524278,-75.448363,https://igac-bucket.s3.us-east-1.amazonaws.com/AEROFOTOGRAFIAS+_CHAPARRAL/282IVA/c-1891+f-086.tif
c-1891 f-088,3.663365,3.586865,-75.523818,-75.447593,https://igac-bucket.s3.us-east-1.amazonaws.com/AEROFOTOGRAFIAS+_CHAPARRAL/282IVA/c-1891+f-088.tif
c-2556 f-138,3.650609,3.525185,-75.514112,-75.388544,https://igac-bucket.s3.us-east-1.amazonaws.com/AEROFOTOGRAFIAS+_CHAPARRAL/282IVA/c-2556+f-138..tif
C-2284_F-074,3.536911,3.438619,-75.603809,-75.47654,https://igac-bucket.s3.us-east-1.amazonaws.com/AEROFOTOGRAFIAS+_CHAPARRAL/302IB/C-2284_F-074.tif